{"history_best_fidelity_runs": [[0.5196118356093364, 0.5710096327906721, 0.6276364543116685, 0.6500655476287205, 0.6635581055550123, 0.6786497836056788, 0.6786497836056788, 0.7989222879871652, 0.9131223881865953, 0.9131223881865953, 0.9131223881865953, 0.9562437268608901, 0.9648597374820027, 0.9648597374820027, 0.9741658767883649, 0.988835242411551, 0.988835242411551, 0.988835242411551, 0.988835242411551, 0.988835242411551, 0.999672807718009, 0.999672807718009, 0.999672807718009, 0.999672807718009, 0.999672807718009, 0.9999998182933945, 0.9999998182933945, 0.9999998182933945, 0.9999998182933945, 0.9999998182933945, 0.9999998182933945, 0.9999998182933945, 0.9999998182933945, 0.9999998182933945, 0.9999998182933945, 0.9999999912165745, 0.9999999912165745, 0.9999999912165745, 0.9999999912165745, 0.9999999912165745, 0.9999999912165745, 0.9999999912165745, 0.9999999912165745, 0.9999999912165745, 0.9999999912165745, 0.9999999912165745, 0.9999999912165745, 0.9999999912165745, 0.9999999912165745, 0.9999999912165745, 0.9999999912165745, 0.9999999912165745, 0.9999999912165745, 0.9999999912165745, 0.9999999912165745, 0.9999999912165745, 0.9999999912165745, 0.9999999912165745, 0.9999999912165745, 0.9999999912165745, 0.9999999912165745, 0.9999999912165745, 0.9999999912165745, 0.9999999912165745, 0.9999999912165745, 0.9999999912165745, 0.9999999912165745, 0.9999999912165745, 0.9999999912165745, 0.9999999912165745, 0.9999999912165745, 0.9999999912165745, 0.9999999912165745, 0.9999999912165745, 0.9999999912165745, 0.9999999912165745, 0.9999999912165745, 0.9999999912165745, 0.9999999912165745, 0.9999999912165745, 0.9999999912165745, 0.9999999912165745, 0.9999999912165745, 0.9999999912165745, 0.9999999912165745, 0.9999999912165745, 0.9999999912165745, 0.9999999912165745, 0.9999999912165745, 0.9999999912165745, 0.9999999912165745, 0.9999999912165745, 0.9999999912165745, 0.9999999912165745, 0.9999999912165745, 0.9999999912165745, 0.9999999912165745, 0.9999999912165745, 0.9999999912165745, 0.9999999912165745, 0.9999999912165745]], "best_thetas_runs": [[1.5709096193313599, 0.0, 6.2831854820251465, 0.00014932652993593365, 6.2831854820251465, 6.2831854820251465]], "best_fidelity_runs": [0.9999999912165745], "history_best_fidelity": [0.5196118356093364, 0.5710096327906721, 0.6276364543116685, 0.6500655476287205, 0.6635581055550123, 0.6786497836056788, 0.6786497836056788, 0.7989222879871652, 0.9131223881865953, 0.9131223881865953, 0.9131223881865953, 0.9562437268608901, 0.9648597374820027, 0.9648597374820027, 0.9741658767883649, 0.988835242411551, 0.988835242411551, 0.988835242411551, 0.988835242411551, 0.988835242411551, 0.999672807718009, 0.999672807718009, 0.999672807718009, 0.999672807718009, 0.999672807718009, 0.9999998182933945, 0.9999998182933945, 0.9999998182933945, 0.9999998182933945, 0.9999998182933945, 0.9999998182933945, 0.9999998182933945, 0.9999998182933945, 0.9999998182933945, 0.9999998182933945, 0.9999999912165745, 0.9999999912165745, 0.9999999912165745, 0.9999999912165745, 0.9999999912165745, 0.9999999912165745, 0.9999999912165745, 0.9999999912165745, 0.9999999912165745, 0.9999999912165745, 0.9999999912165745, 0.9999999912165745, 0.9999999912165745, 0.9999999912165745, 0.9999999912165745, 0.9999999912165745, 0.9999999912165745, 0.9999999912165745, 0.9999999912165745, 0.9999999912165745, 0.9999999912165745, 0.9999999912165745, 0.9999999912165745, 0.9999999912165745, 0.9999999912165745, 0.9999999912165745, 0.9999999912165745, 0.9999999912165745, 0.9999999912165745, 0.9999999912165745, 0.9999999912165745, 0.9999999912165745, 0.9999999912165745, 0.9999999912165745, 0.9999999912165745, 0.9999999912165745, 0.9999999912165745, 0.9999999912165745, 0.9999999912165745, 0.9999999912165745, 0.9999999912165745, 0.9999999912165745, 0.9999999912165745, 0.9999999912165745, 0.9999999912165745, 0.9999999912165745, 0.9999999912165745, 0.9999999912165745, 0.9999999912165745, 0.9999999912165745, 0.9999999912165745, 0.9999999912165745, 0.9999999912165745, 0.9999999912165745, 0.9999999912165745, 0.9999999912165745, 0.9999999912165745, 0.9999999912165745, 0.9999999912165745, 0.9999999912165745, 0.9999999912165745, 0.9999999912165745, 0.9999999912165745, 0.9999999912165745, 0.9999999912165745, 0.9999999912165745], "best_thetas": [1.5709096193313599, 0.0, 6.2831854820251465, 0.00014932652993593365, 6.2831854820251465, 6.2831854820251465], "best_fidelity": 0.9999999912165745, "n_samples_acquisition_fx": 1000, "n_BO": 101, "learning_rate": 0.1, "initial_noise": 1e-08, "scaler_target": null, "n_initial_samples": 100, "mean_MSE_fidelity_train": [4.138022793167194e-16, 5.202834903804204e-15, 9.704549768942457e-14, 4.851985664451197e-13, 1.0666814074160485e-18, 1.4890432354170551e-18, 6.953761975408485e-14, 7.3017549539167e-15, 1.7518233719843556e-14, 1.8631326012247393e-14, 1.904902856409375e-14, 2.2341538517044877e-14, 1.8713073901763844e-14, 1.1743607909709236e-14, 1.360695424038497e-14, 1.3320995413374142e-14, 1.2987008071428487e-14, 9.602925563908023e-15, 6.100456625472989e-15, 6.268598957514453e-15, 2.3256080120442963e-15, 2.6253457076167896e-15, 1.593435052790967e-15, 2.4353549174916843e-16, 7.353539676556447e-16, 1.2135407517562264e-13, 2.72367129154271e-13, 8.989393676921405e-13, 3.1736874889674036e-12, 3.208248263371797e-12, 1.6031476062326376e-16, 1.2477892837575176e-16, 1.0416964269689103e-16, 6.910768161763655e-16, 5.984396407549614e-16, 8.711754384630066e-16, 8.066232809218299e-16, 8.735103697893875e-16, 8.925394510504016e-16, 8.529269412115244e-16, 8.129276811803429e-16, 7.575265393191455e-16, 6.893589633469112e-16, 7.120031400669479e-16, 6.652459842683412e-16, 5.809028921914693e-16, 5.841482112157387e-16, 5.921967091019753e-16, 6.2353960870199e-16, 2.2154933093645112e-15, 2.5645851011334087e-15, 2.6676783065830564e-15, 2.703482682112947e-15, 2.707242709715128e-15, 2.706199543389229e-15, 2.701409642459365e-15, 2.6973211337159585e-15, 2.707592111196926e-15, 2.6999857281462813e-15, 2.695695771964513e-15, 2.6867486822577577e-15, 2.679358519736928e-15, 2.6698832731299714e-15, 2.6587523256997843e-15, 2.647906680465797e-15, 2.636277195502381e-15, 2.6250924501826653e-15, 2.61340629960137e-15, 2.6005573490374006e-15, 2.5881163495851864e-15, 2.575430116498531e-15, 2.5628306082374163e-15, 2.5499149690029902e-15, 2.5377230018861873e-15, 2.525985871547763e-15, 2.5132779828411548e-15, 2.5005517800318503e-15, 2.489170101649999e-15, 2.476356257073788e-15, 2.4632534127404844e-15, 2.451062089113844e-15, 2.438611443649543e-15, 2.426222930135636e-15, 2.413716216234201e-15, 2.401637600765997e-15, 2.3893184830399365e-15, 2.3772684031684835e-15, 2.3652807809540463e-15, 2.3534394905821927e-15, 2.342059052938414e-15, 2.3303223837735634e-15, 2.3186908752787902e-15, 2.3068445197366398e-15, 2.299069479421609e-15, 2.287721220585138e-15, 2.275109508952374e-15, 2.2639801224148008e-15, 2.2529229318100763e-15, 2.2418880558815775e-15, 2.2309543191487947e-15, 2.220205094322262e-15], "mean_MSE_fidelity_test": [0.0, 0.0, 0.0, 0.0, 0.0, 0.0, 0.0, 0.0, 0.0, 0.0, 0.0, 0.0, 0.0, 0.0, 0.0, 0.0, 0.0, 0.0, 0.0, 0.0, 0.0, 0.0, 0.0, 0.0, 0.0, 0.0, 0.0, 0.0, 0.0, 0.0, 0.0, 0.0, 0.0, 0.0, 0.0, 0.0, 0.0, 0.0, 0.0, 0.0, 0.0, 0.0, 0.0, 0.0, 0.0, 0.0, 0.0, 0.0, 0.0, 0.0, 0.0, 0.0, 0.0, 0.0, 0.0, 0.0, 0.0, 0.0, 0.0, 0.0, 0.0, 0.0, 0.0, 0.0, 0.0, 0.0, 0.0, 0.0, 0.0, 0.0, 0.0, 0.0, 0.0, 0.0, 0.0, 0.0, 0.0, 0.0, 0.0, 0.0, 0.0, 0.0, 0.0, 0.0, 0.0, 0.0, 0.0, 0.0, 0.0, 0.0, 0.0, 0.0, 0.0, 0.0, 0.0, 0.0, 0.0, 0.0, 0.0, 0.0, 0.0], "type_acq_function": "UpperConfidenceBound(\n  (model): WrappedGPyTorchModelMultiGPFidelity()\n)", "GP_degenerated": [], "keep_percent": 0.1, "GP_Obs_degenerated": [], "target_state": [0.7071067811865475, 0.0, 0.0, 0.0, 0.0, 0.0, 0.0, 0.7071067811865475]}