{"history_best_fidelity_runs": [[0.5987180539651911, 0.5987180539651911, 0.5987180539651911, 0.7893588258242595, 0.8840917003099225, 0.9669841262173006, 0.988231207639382, 0.988231207639382, 0.988231207639382, 0.9984361079123485, 0.9984361079123485, 0.9984361079123485, 0.9984361079123485, 0.9984361079123485, 0.9984361079123485, 0.9984361079123485, 0.9984361079123485, 0.9986499426153115, 0.9996435154007286, 0.9996435154007286, 0.9996435154007286, 0.9996435154007286, 0.9996435154007286, 0.999946631999304, 0.999946631999304, 0.999946631999304, 0.999946631999304, 0.999946631999304, 0.999946631999304, 0.999946631999304, 0.999946631999304, 0.999946631999304, 0.999946631999304, 0.9999630966806664, 0.9999630966806664, 0.9999630966806664, 0.9999630966806664, 0.9999630966806664, 0.9999630966806664, 0.9999630966806664, 0.9999630966806664, 0.9999630966806664, 0.9999630966806664, 0.9999630966806664, 0.9999630966806664, 0.9999630966806664, 0.9999630966806664, 0.9999630966806664, 0.9999630966806664, 0.9999630966806664, 0.9999630966806664, 0.9999630966806664, 0.9999630966806664, 0.999964789613043, 0.9999829857932157, 0.9999829857932157, 0.9999829857932157, 0.9999993821461421, 0.9999993821461421, 0.9999993821461421, 0.9999993821461421, 0.9999999991758446, 0.9999999991758446, 0.9999999991758446, 0.9999999991758446, 0.9999999991758446, 0.9999999991758446, 0.9999999991758446, 0.9999999991758446, 0.9999999991758446, 0.9999999991758446, 0.9999999991758446, 0.9999999991758446, 0.9999999991758446, 0.9999999991758446, 0.9999999991758446, 0.9999999991758446, 0.9999999991758446, 0.9999999991758446, 0.9999999991758446, 0.9999999991758446, 0.9999999991758446, 0.9999999991758446, 0.9999999991758446, 0.9999999991758446, 0.9999999991758446, 0.9999999991758446, 0.9999999991758446, 0.9999999991758446, 0.9999999991758446, 0.9999999991758446, 0.9999999991758446, 0.9999999991758446, 0.9999999991758446, 0.9999999991758446, 0.9999999991758446, 0.9999999991758446, 0.9999999991758446, 0.9999999991758446, 0.9999999991758446, 0.9999999991758446]], "best_thetas_runs": [[1.5707389116287231, 6.2831854820251465, 6.2831854820251465, 6.2831854820251465, 0.0, 6.2831854820251465]], "best_fidelity_runs": [0.9999999991758446], "history_best_fidelity": [0.5987180539651911, 0.5987180539651911, 0.5987180539651911, 0.7893588258242595, 0.8840917003099225, 0.9669841262173006, 0.988231207639382, 0.988231207639382, 0.988231207639382, 0.9984361079123485, 0.9984361079123485, 0.9984361079123485, 0.9984361079123485, 0.9984361079123485, 0.9984361079123485, 0.9984361079123485, 0.9984361079123485, 0.9986499426153115, 0.9996435154007286, 0.9996435154007286, 0.9996435154007286, 0.9996435154007286, 0.9996435154007286, 0.999946631999304, 0.999946631999304, 0.999946631999304, 0.999946631999304, 0.999946631999304, 0.999946631999304, 0.999946631999304, 0.999946631999304, 0.999946631999304, 0.999946631999304, 0.9999630966806664, 0.9999630966806664, 0.9999630966806664, 0.9999630966806664, 0.9999630966806664, 0.9999630966806664, 0.9999630966806664, 0.9999630966806664, 0.9999630966806664, 0.9999630966806664, 0.9999630966806664, 0.9999630966806664, 0.9999630966806664, 0.9999630966806664, 0.9999630966806664, 0.9999630966806664, 0.9999630966806664, 0.9999630966806664, 0.9999630966806664, 0.9999630966806664, 0.999964789613043, 0.9999829857932157, 0.9999829857932157, 0.9999829857932157, 0.9999993821461421, 0.9999993821461421, 0.9999993821461421, 0.9999993821461421, 0.9999999991758446, 0.9999999991758446, 0.9999999991758446, 0.9999999991758446, 0.9999999991758446, 0.9999999991758446, 0.9999999991758446, 0.9999999991758446, 0.9999999991758446, 0.9999999991758446, 0.9999999991758446, 0.9999999991758446, 0.9999999991758446, 0.9999999991758446, 0.9999999991758446, 0.9999999991758446, 0.9999999991758446, 0.9999999991758446, 0.9999999991758446, 0.9999999991758446, 0.9999999991758446, 0.9999999991758446, 0.9999999991758446, 0.9999999991758446, 0.9999999991758446, 0.9999999991758446, 0.9999999991758446, 0.9999999991758446, 0.9999999991758446, 0.9999999991758446, 0.9999999991758446, 0.9999999991758446, 0.9999999991758446, 0.9999999991758446, 0.9999999991758446, 0.9999999991758446, 0.9999999991758446, 0.9999999991758446, 0.9999999991758446, 0.9999999991758446], "best_thetas": [1.5707389116287231, 6.2831854820251465, 6.2831854820251465, 6.2831854820251465, 0.0, 6.2831854820251465], "best_fidelity": 0.9999999991758446, "n_samples_acquisition_fx": 1000, "n_BO": 101, "learning_rate": 0.1, "initial_noise": 1e-08, "scaler_target": null, "n_initial_samples": 100, "mean_MSE_fidelity_train": [2.6877877060333115e-18, 2.5640697692240093e-18, 5.0242028085696085e-18, 4.737862356029313e-18, 5.636539534573183e-18, 7.152594023492358e-18, 2.938698859845158e-18, 2.894429245915369e-18, 3.52973678888426e-18, 2.996410195700335e-18, 2.6376013299319805e-18, 2.5703082847079153e-18, 2.397312815535035e-18, 2.395520631148475e-18, 2.4577578874701457e-18, 2.1743004616484992e-18, 2.0977413975912542e-18, 8.444748106241222e-18, 7.710857448419736e-18, 7.845534788564427e-18, 7.723643398067265e-18, 1.0293404397164571e-17, 1.3480166669109767e-17, 8.63591344332075e-17, 8.621163617587185e-17, 8.526076646135189e-17, 1.0922671407173696e-16, 1.0869147560330871e-16, 3.8928002338602484e-16, 3.915092904231827e-16, 3.8245444901090097e-16, 3.766074930640579e-16, 9.209351771557387e-16, 1.0826023108452334e-15, 1.0754588468436205e-15, 1.0711638472256895e-15, 1.0591157335161459e-15, 1.0514154782131281e-15, 1.0440571862266617e-15, 1.0366764228418716e-15, 1.029593394135924e-15, 1.0230576337704636e-15, 1.046182095675913e-15, 1.0389228010942325e-15, 1.0328871477345337e-15, 1.0247668274971753e-15, 1.0214246066610384e-15, 1.0432700541128333e-15, 1.0402684096074872e-15, 1.1682005350224723e-15, 1.1619333060411912e-15, 1.301196918506171e-15, 1.293557396472729e-15, 2.190803393127191e-15, 2.764987554485336e-15, 7.901057261286224e-15, 7.847559935813899e-15, 8.440700765463887e-15, 8.37683738217867e-15, 9.19546843513981e-15, 1.4420796840815715e-14, 1.4193219057859183e-14, 1.3989971922619682e-14, 1.3799260178782549e-14, 1.380742311419766e-14, 1.4817677531214673e-14, 1.476547371908304e-14, 1.4605375236844544e-14, 1.4474855073004303e-14, 1.4352302953297628e-14, 1.4247914494634773e-14, 1.4148888503183304e-14, 1.443437632068695e-14, 1.4551318353473408e-14, 1.4463080904237792e-14, 1.437828220965295e-14, 1.5400076641279467e-14, 1.5312349946379063e-14, 1.5889034395490858e-14, 1.5845878009363025e-14, 1.5768786423664946e-14, 1.5706142097393923e-14, 1.5321889583261055e-14, 1.5273793856489347e-14, 1.5185722955635e-14, 1.509981870998461e-14, 1.501586031045652e-14, 1.5205946841717012e-14, 1.4978060516692172e-14, 1.4870433739469073e-14, 1.4789376207893703e-14, 1.4738337878227336e-14, 1.4656544932911234e-14, 1.4578052908696197e-14, 1.4501017286407366e-14, 1.4670640780244314e-14, 1.4934734131749224e-14, 1.4954240117121114e-14, 1.479608196841788e-14, 1.46867790239503e-14, 1.4581512456427528e-14],